id,igdb_id,csv_title,igdb_title,title_match,csv_cover_url,igdb_cover_url,cover_match,nominator,comment,audit_status
bfaeac77-cca6-4724-9232-34075aa024c6,27316,A Plague Tale Innocence,A Plague Tale: Innocence,Punctuation Mismatch,https://images.igdb.com/igdb/image/upload/t_1080p/co1lat.jpg,https://images.igdb.com/igdb/image/upload/t_cover_big/co1lat.jpg,Match,Lucas,,MINOR_TITLE_DEVIATION (PUNCTUATION_MISMATCH)
2e97c172-2fbb-46fd-b83d-75625fd118ca,334239,Absolum,Absolum,Match,https://images.igdb.com/igdb/image/upload/t_cover_big/coatin.jpg,https://images.igdb.com/igdb/image/upload/t_cover_big/coatin.jpg,Match,Matheus,,OK
04882423-76be-4b7d-b6b3-3fe13277c736,1175,Alundra,Alundra,Match,https://images.igdb.com/igdb/image/upload/t_1080p/co3tlr.jpg,https://images.igdb.com/igdb/image/upload/t_cover_big/co3tlr.jpg,Match,Lucas,,OK
a2a622b5-8b65-4a40-8c27-a3970521a810,5346,As Aventuras de Batman e Robin,The Adventures of Batman & Robin,Mismatch,https://images.igdb.com/igdb/image/upload/t_1080p/co6379.jpg,https://images.igdb.com/igdb/image/upload/t_cover_big/co69sz.jpg,Mismatch,Lucas,,BOTH_MISMATCH
99f8b05f-eb09-48af-8dc1-d232c8cac88b,180876,Astral Ascent,Astral Ascent,Match,https://images.igdb.com/igdb/image/upload/t_1080p/co4o04.jpg,https://images.igdb.com/igdb/image/upload/t_cover_big/co4o04.jpg,Match,Lucas,,OK
701ae159-47e2-40b2-a6fc-517fcae2f740,119171,Baldur's Gate 3,Baldur's Gate III,Mismatch,https://images.igdb.com/igdb/image/upload/t_1080p/co670h.jpg,https://images.igdb.com/igdb/image/upload/t_cover_big/co670h.jpg,Match,Matheus,,TITLE_MISMATCH
c1082d5b-cb3e-420e-94a6-aa3a26b10150,83,Baldur's Gate Dark Alliance,Baldur's Gate: Dark Alliance,Punctuation Mismatch,https://images.igdb.com/igdb/image/upload/t_1080p/co1tay.jpg,https://images.igdb.com/igdb/image/upload/t_cover_big/co1tay.jpg,Match,Lucas,,MINOR_TITLE_DEVIATION (PUNCTUATION_MISMATCH)
3b7f1ff6-33e1-4056-bc9f-f3e45c6f3701,501,Batman Arkham City,Batman: Arkham City,Punctuation Mismatch,https://images.igdb.com/igdb/image/upload/t_1080p/co1voh.jpg,https://images.igdb.com/igdb/image/upload/t_cover_big/co1voh.jpg,Match,Lucas,,MINOR_TITLE_DEVIATION (PUNCTUATION_MISMATCH)
3a40c28e-2d52-4dc5-aa16-43d1b4ff0fe6,2003,Batman Arkham Origins,Batman: Arkham Origins,Punctuation Mismatch,https://images.igdb.com/igdb/image/upload/t_1080p/co1nmd.jpg,https://images.igdb.com/igdb/image/upload/t_cover_big/co1nmd.jpg,Match,Lucas,,MINOR_TITLE_DEVIATION (PUNCTUATION_MISMATCH)
8ee27090-8b41-44dd-ad77-787d38a945a8,5503,Batman: Arkham Knight,Batman: Arkham Knight,Match,https://images.igdb.com/igdb/image/upload/t_1080p/coagib.jpg,https://images.igdb.com/igdb/image/upload/t_cover_big/coagib.jpg,Match,Lucas,,OK
5ab720e9-0215-4e2a-abd9-48be5efa6ec3,9047,Besiege,Besiege,Match,https://images.igdb.com/igdb/image/upload/t_1080p/co9cnc.jpg,https://images.igdb.com/igdb/image/upload/t_cover_big/co9cnc.jpg,Match,Yan,,OK
4836d380-6281-45b8-8a27-bc185ad3b816,20,Bioshock,BioShock,Case Mismatch,https://images.igdb.com/igdb/image/upload/t_1080p/co2n12.jpg,https://images.igdb.com/igdb/image/upload/t_cover_big/co2mli.jpg,Mismatch,Lucas,imagem errada,COVER_MISMATCH
bba5217d-f317-4f25-ba12-b225dec2ade4,26820,Blasphemous,Blasphemous,Match,https://images.igdb.com/igdb/image/upload/t_1080p/cob0xj.jpg,https://images.igdb.com/igdb/image/upload/t_cover_big/cob0xj.jpg,Match,Lucas,,OK
abb364be-e798-40a5-98db-0c7702eff35c,165390,Blasphemous II,Blasphemous II,Match,https://images.igdb.com/igdb/image/upload/t_1080p/co6ej3.jpg,https://images.igdb.com/igdb/image/upload/t_cover_big/co6ej3.jpg,Match,Matheus,,OK
ac78c8fd-15c3-457d-b861-4a4f6836a577,80539,Bomberman 4,Super Bomberman 4,Mismatch,https://images.igdb.com/igdb/image/upload/t_1080p/co2rh0.jpg,https://images.igdb.com/igdb/image/upload/t_cover_big/co2rh0.jpg,Match,Lucas,,TITLE_MISMATCH
24c2b172-cee2-4308-a3ad-e7c658b69468,1334,Brothers: A Tale of Two Sons,Brothers: A Tale of Two Sons,Match,https://images.igdb.com/igdb/image/upload/t_1080p/co1rro.jpg,https://images.igdb.com/igdb/image/upload/t_cover_big/co1rro.jpg,Match,Matheus,,OK
fe70ab70-277e-4b1e-9c04-931c3e843b10,145029,Caravan SandWitch,Caravan SandWitch,Match,https://images.igdb.com/igdb/image/upload/t_cover_big/co8bmd.jpg,https://images.igdb.com/igdb/image/upload/t_cover_big/co8bmd.jpg,Match,Lucas,,OK
4a52049d-d647-4057-b6cf-f2a4dea7d034,1128,Castlevania Symphony,Castlevania: Symphony of the Night,Mismatch,https://images.igdb.com/igdb/image/upload/t_1080p/co53m8.jpg,https://images.igdb.com/igdb/image/upload/t_cover_big/co53m8.jpg,Match,Lucas,registro duplicado,TITLE_MISMATCH
8a1e0a86-4b7d-4819-af60-07ac0a46aa2a,1134,Castlevania: Aria of Sorrow,Castlevania: Aria of Sorrow,Match,https://images.igdb.com/igdb/image/upload/t_1080p/cob947.jpg,https://images.igdb.com/igdb/image/upload/t_cover_big/cob947.jpg,Match,Matheus,,OK
c8bbff0e-d2e8-4c15-8699-9f9cf9d586ef,1128,Castlevania: Symphony of the Night,Castlevania: Symphony of the Night,Match,https://images.igdb.com/igdb/image/upload/t_1080p/co53m8.jpg,https://images.igdb.com/igdb/image/upload/t_cover_big/co53m8.jpg,Match,Matheus,,OK
1c281860-1c63-41d3-87f4-49bc812bcb45,36597,Cat Quest,Cat Quest,Match,https://images.igdb.com/igdb/image/upload/t_1080p/co8cp4.jpg,https://images.igdb.com/igdb/image/upload/t_cover_big/co1qlq.jpg,Mismatch,Lucas,imagem errada,COVER_MISMATCH
24e7d389-3d3b-4074-a61f-208a0a6e1732,26226,Celeste,Celeste,Match,https://images.igdb.com/igdb/image/upload/t_1080p/cob9dh.jpg,https://images.igdb.com/igdb/image/upload/t_cover_big/cob9dh.jpg,Match,Lucas,,OK
40f0ab7e-b6db-4d3a-a04c-15e7b1a56590,9813,Champions of Norrath: Realms of EverQuest,Champions of Norrath: Realms of EverQuest,Match,https://images.igdb.com/igdb/image/upload/t_1080p/co6e7d.jpg,https://images.igdb.com/igdb/image/upload/t_cover_big/co6e7d.jpg,Match,Lucas,,OK
81451474-2861-452e-832a-bce4fa1b53f7,2917,Chaos Legion,Chaos Legion,Match,https://images.igdb.com/igdb/image/upload/t_1080p/co4psj.jpg,https://images.igdb.com/igdb/image/upload/t_cover_big/co4psj.jpg,Match,Yan,,OK
b00a0ba6-f3ea-433f-ba5b-59bb31be7e35,4756,Child of Light,Child of Light,Match,https://images.igdb.com/igdb/image/upload/t_cover_big/co21q2.jpg,https://images.igdb.com/igdb/image/upload/t_cover_big/co21q2.jpg,Match,Matheus,,OK
fe72df2f-6e7f-4c71-9031-22a4e0cfa8ff,36198,Children of Morta,Children of Morta,Match,https://images.igdb.com/igdb/image/upload/t_1080p/co2iw2.jpg,https://images.igdb.com/igdb/image/upload/t_cover_big/co2iw2.jpg,Match,Lucas,,OK
de9a6c82-1e2b-47a9-b7b3-3347fbe9e351,1804,Chrono Cross,Chrono Cross,Match,https://images.igdb.com/igdb/image/upload/t_1080p/co1oj7.jpg,https://images.igdb.com/igdb/image/upload/t_cover_big/co1oj7.jpg,Match,Lucas,,OK
cd482c2f-4a70-4a4e-99f0-84e6fd7666d7,1802,Chrono Trigger,Chrono Trigger,Match,https://images.igdb.com/igdb/image/upload/t_1080p/co3plw.jpg,https://images.igdb.com/igdb/image/upload/t_cover_big/co3plw.jpg,Match,Matheus,,OK
60beff6c-8e29-46b9-b711-b3758b28aa5f,305152,Clair Obscur: Expedition 33,Clair Obscur: Expedition 33,Match,https://images.igdb.com/igdb/image/upload/t_cover_big/co9gam.jpg,https://images.igdb.com/igdb/image/upload/t_cover_big/co9gam.jpg,Match,Matheus,,OK
e4240be1-357e-49bb-a3a1-cc4853ae9c9c,103329,Control,Control,Match,https://images.igdb.com/igdb/image/upload/t_1080p/cob5pu.jpg,https://images.igdb.com/igdb/image/upload/t_cover_big/co2evj.jpg,Mismatch,Matheus,imagem errada,COVER_MISMATCH
e6e4bf7d-4977-4a93-8d10-8e1a3a389dec,1185,Crash Bandicoot,Crash Bandicoot,Match,https://images.igdb.com/igdb/image/upload/t_cover_big/co555l.jpg,https://images.igdb.com/igdb/image/upload/t_cover_big/co555l.jpg,Match,Lucas,,OK
a2d332ca-9a03-4d2a-b4a3-aea37714fca5,3414,Nightmare Creatures,Nightmare Creatures,Match,https://images.igdb.com/igdb/image/upload/t_1080p/co5j7q.jpg,https://images.igdb.com/igdb/image/upload/t_cover_big/co5j7q.jpg,Match,Lucas,nome errado,OK
f9788bca-a813-49c6-8cbd-1b5fcc2c99f7,1877,Cyberpunk 2077,Cyberpunk 2077,Match,https://images.igdb.com/igdb/image/upload/t_1080p/coaih8.jpg,https://images.igdb.com/igdb/image/upload/t_cover_big/coaih8.jpg,Match,Matheus,,OK
76af515a-e217-4ff8-b6c4-42646df15d93,2155,Dark Souls,Dark Souls,Match,https://images.igdb.com/igdb/image/upload/t_1080p/co1x78.jpg,https://images.igdb.com/igdb/image/upload/t_cover_big/co1x78.jpg,Match,"Ygnos, The Mage",,OK
9b09278e-b3d4-4980-a468-72651318048e,26855,Dead Cells,Dead Cells,Match,https://images.igdb.com/igdb/image/upload/t_1080p/coa3hi.jpg,https://images.igdb.com/igdb/image/upload/t_cover_big/co7jfv.jpg,Mismatch,Lucas,,COVER_MISMATCH
9fe884cb-0ebf-4a98-9928-72af4e29f904,14760,Death's Gambit,Death's Gambit,Match,https://images.igdb.com/igdb/image/upload/t_1080p/co28qr.jpg,https://images.igdb.com/igdb/image/upload/t_cover_big/co28qr.jpg,Match,Lucas,nome errado,OK
6ee73f78-5cca-4a9e-9339-944c06951d90,19564,Death Stranding,Death Stranding,Match,https://images.igdb.com/igdb/image/upload/t_1080p/cobksf.jpg,https://images.igdb.com/igdb/image/upload/t_cover_big/cobksf.jpg,Match,Lucas,nome errado,OK
433ea7af-3a15-4b42-bba8-8b216f5cbec2,18067,Demon's Crest,Demon's Crest,Match,https://images.igdb.com/igdb/image/upload/t_1080p/co69t5.jpg,https://images.igdb.com/igdb/image/upload/t_cover_big/co69t5.jpg,Match,Yan,,OK
da2ea212-1c46-4cf6-8682-9b432fdaace4,14362,Detroit Become Human,Detroit: Become Human,Punctuation Mismatch,https://images.igdb.com/igdb/image/upload/t_1080p/co6mzf.jpg,https://images.igdb.com/igdb/image/upload/t_cover_big/co6mzf.jpg,Match,Matheus,,MINOR_TITLE_DEVIATION (PUNCTUATION_MISMATCH)
10c8ec6a-2124-4617-a63d-039759f0d9ae,26472,Disco Elysium,Disco Elysium,Match,https://images.igdb.com/igdb/image/upload/t_1080p/co2ip6.jpg,https://images.igdb.com/igdb/image/upload/t_cover_big/co1sfj.jpg,Mismatch,Matheus,imagem errada,COVER_MISMATCH
015560b7-65dd-432a-8144-ce92ea855a7a,41590,Dishonored Definitive Edition,Dishonored: Definitive Edition,Punctuation Mismatch,https://images.igdb.com/igdb/image/upload/t_1080p/coabgu.jpg,https://images.igdb.com/igdb/image/upload/t_cover_big/coa4rb.jpg,Mismatch,Matheus,imagem errada,COVER_MISMATCH
aca58e55-e203-4511-b056-4c68fbb50506,1086,Donkey Kong,Donkey Kong,Match,https://images.igdb.com/igdb/image/upload/t_1080p/co217n.jpg,https://images.igdb.com/igdb/image/upload/t_cover_big/co546n.jpg,Mismatch,Matheus,nome errado e imagem errada,COVER_MISMATCH
e112c8c1-9ad4-4584-adaa-101524ba2897,1090,Donkey Kong Country,Donkey Kong Country,Match,https://images.igdb.com/igdb/image/upload/t_cover_big/co70qn.jpg,https://images.igdb.com/igdb/image/upload/t_cover_big/co70qn.jpg,Match,Matheus,,OK
2967a7e1-097e-4d43-9747-6d3110182454,1887,Dragon Age Inquisition,Dragon Age: Inquisition,Punctuation Mismatch,https://images.igdb.com/igdb/image/upload/t_1080p/co2mvy.jpg,https://images.igdb.com/igdb/image/upload/t_cover_big/co2mvy.jpg,Match,Lucas,,MINOR_TITLE_DEVIATION (PUNCTUATION_MISMATCH)
ec81a225-808c-4710-9973-4cacaf389a31,239185,Dragon Quest,Dragon Quest,Match,https://images.igdb.com/igdb/image/upload/t_1080p/co7wt9.jpg,https://images.igdb.com/igdb/image/upload/t_cover_big/coaysu.jpg,Mismatch,Matheus,imagem errada,COVER_MISMATCH
78d8259e-0bd2-4cb9-bd8f-f105340e52d0,239185,Dragon Quest (1989),Dragon Quest,Mismatch,https://images.igdb.com/igdb/image/upload/t_1080p/co7wt9.jpg,https://images.igdb.com/igdb/image/upload/t_cover_big/coaysu.jpg,Mismatch,Matheus,jogo duplicado,BOTH_MISMATCH
d0a75228-9e0f-498f-b325-106b2ae9df83,3968,Dragon's Dogma,Dragon's Dogma,Match,https://images.igdb.com/igdb/image/upload/t_1080p/co833w.jpg,https://images.igdb.com/igdb/image/upload/t_cover_big/co8zm7.jpg,Mismatch,Matheus,nome e imagem errada,COVER_MISMATCH
15cbf5f8-2bb3-41bd-889c-596dc00453ce,146917,Dungeons of Hinterberg,Dungeons of Hinterberg,Match,https://images.igdb.com/igdb/image/upload/t_1080p/co8oq4.jpg,https://images.igdb.com/igdb/image/upload/t_cover_big/co8oq4.jpg,Match,Lucas,,OK
83a058d8-4f70-4279-a4e2-a9cc63ba0739,119133,Elden Ring,Elden Ring,Match,https://images.igdb.com/igdb/image/upload/t_1080p/co4jni.jpg,https://images.igdb.com/igdb/image/upload/t_cover_big/co4jni.jpg,Match,Matheus,,OK
2cc8abe8-1406-44e9-8627-0b606be51ed5,248643,Enshrouded,Enshrouded,Match,https://images.igdb.com/igdb/image/upload/t_1080p/cob9vp.jpg,https://images.igdb.com/igdb/image/upload/t_cover_big/cobx3a.jpg,Mismatch,"Ygnos, The Mage",,COVER_MISMATCH
54642b02-e0f9-486a-b6c5-5dd2ed68b92a,16,Fallout New Vegas,Fallout: New Vegas,Punctuation Mismatch,https://images.igdb.com/igdb/image/upload/t_1080p/co1u60.jpg,https://images.igdb.com/igdb/image/upload/t_cover_big/co1u60.jpg,Match,Matheus,,MINOR_TITLE_DEVIATION (PUNCTUATION_MISMATCH)
03cbbdef-fb11-4170-81f1-87326d2ee35d,16,Fallout: New Vegas,Fallout: New Vegas,Match,https://images.igdb.com/igdb/image/upload/t_1080p/co1u60.jpg,https://images.igdb.com/igdb/image/upload/t_cover_big/co1u60.jpg,Match,Matheus,jogo duplicado,OK
ba7d6a32-88f3-4c8d-a646-62bbda713416,20329,Figment,Figment,Match,https://images.igdb.com/igdb/image/upload/t_cover_big/co691d.jpg,https://images.igdb.com/igdb/image/upload/t_cover_big/co691d.jpg,Match,Matheus,,OK
95b9d312-7e0d-4d67-a866-3b0b2a13c085,11169,Final Fantasy VII Remake,Final Fantasy VII Remake,Match,https://images.igdb.com/igdb/image/upload/t_1080p/cobcwt.jpg,https://images.igdb.com/igdb/image/upload/t_cover_big/cobcwt.jpg,Match,Lucas,,OK
5c36fcf9-8a6e-46c4-9ec2-8c566c194c34,418,Final Fantasy X,Final Fantasy X,Match,https://images.igdb.com/igdb/image/upload/t_1080p/co1tr1.jpg,https://images.igdb.com/igdb/image/upload/t_cover_big/co1tr1.jpg,Match,Lucas,,OK
78286006-60a1-4385-9bff-328abcc1dbcb,348330,Forza Horizon 6,Forza Horizon 6,Match,https://images.igdb.com/igdb/image/upload/t_cover_big/cobc5n.jpg,https://images.igdb.com/igdb/image/upload/t_cover_big/cobc5n.jpg,Match,Matheus,,OK
d28fbf26-1c09-4752-8d73-bd05b04c4b5b,7293,Gauntlet,Gauntlet,Match,https://images.igdb.com/igdb/image/upload/t_cover_big/co2fon.webp,https://images.igdb.com/igdb/image/upload/t_cover_big/co2fon.jpg,Match,Yan,,OK
db980838-5e20-4740-aea4-c4ddfda15009,5844,Gauntlet Seven Sorrows,Gauntlet: Seven Sorrows,Punctuation Mismatch,https://images.igdb.com/igdb/image/upload/t_1080p/co5j83.jpg,https://images.igdb.com/igdb/image/upload/t_cover_big/co5j83.jpg,Match,Lucas,,MINOR_TITLE_DEVIATION (PUNCTUATION_MISMATCH)
7d8aab68-2e3a-447e-9e19-09ec73a9d9d2,119308,Ghostwire: Tokyo,Ghostwire: Tokyo,Match,https://images.igdb.com/igdb/image/upload/t_1080p/co55xn.jpg,https://images.igdb.com/igdb/image/upload/t_cover_big/co55xn.jpg,Match,Lucas,,OK
c263e492-c1d6-44b5-9539-1a0678f1a587,549,God of War,God of War,Match,https://images.igdb.com/igdb/image/upload/t_cover_big/co3ddc.jpg,https://images.igdb.com/igdb/image/upload/t_cover_big/co3ddc.jpg,Match,Lucas,,OK
62f05656-04cc-4e97-b7d5-59507efb14ed,1907,Grim Dawn,Grim Dawn,Match,https://images.igdb.com/igdb/image/upload/t_1080p/co41h4.jpg,https://images.igdb.com/igdb/image/upload/t_cover_big/co41h4.jpg,Match,Matheus,,OK
1682566d-b758-463b-9d3d-9e0571d36118,4838,Guacamelee!,Guacamelee!,Match,https://images.igdb.com/igdb/image/upload/t_1080p/co2g6i.jpg,https://images.igdb.com/igdb/image/upload/t_cover_big/co2g6i.jpg,Match,Matheus,,OK
de3b0a59-2995-4b9f-b389-0eed9c02efc3,2671,Guitar Hero III: Legends of Rock,Guitar Hero III: Legends of Rock,Match,https://images.igdb.com/igdb/image/upload/t_cover_big/co1wqm.jpg,https://images.igdb.com/igdb/image/upload/t_cover_big/co1wqm.jpg,Match,Lucas,,OK
102fc52e-6e33-4b23-9463-d6f8ebc7da41,113112,Hades,Hades,Match,https://images.igdb.com/igdb/image/upload/t_1080p/cob9kr.jpg,https://images.igdb.com/igdb/image/upload/t_cover_big/cob9kr.jpg,Match,Matheus,,OK
cb915c6a-649c-4f89-bf24-90bf374277b5,228525,Hades 2,Hades II,Mismatch,https://images.igdb.com/igdb/image/upload/t_1080p/coaknx.jpg,https://images.igdb.com/igdb/image/upload/t_cover_big/coaknx.jpg,Match,Lucas,,TITLE_MISMATCH
e905f4cb-bcc2-43a0-858b-16432e99e697,324256,Hell Clock,Hell Clock,Match,https://images.igdb.com/igdb/image/upload/t_cover_big/co946e.jpg,https://images.igdb.com/igdb/image/upload/t_cover_big/cocczq.jpg,Mismatch,Matheus,,COVER_MISMATCH
d487ffaa-7e89-4174-b222-48f1aadd5d12,11708,Hero Siege,Hero Siege,Match,https://images.igdb.com/igdb/image/upload/t_1080p/co3jtb.jpg,https://images.igdb.com/igdb/image/upload/t_cover_big/co3jtb.jpg,Match,Yan,,OK
a1e00d43-122b-4705-9b78-45b6de118fda,233585,HiFi Rush,Hi-Fi Rush,Punctuation Mismatch,https://images.igdb.com/igdb/image/upload/t_1080p/co6219.jpg,https://images.igdb.com/igdb/image/upload/t_cover_big/co6219.jpg,Match,Matheus,,MINOR_TITLE_DEVIATION (PUNCTUATION_MISMATCH)
110ba80c-ce83-4ee5-a917-eeb3ae270b32,103210,Hitman 2,Hitman 2,Match,https://images.igdb.com/igdb/image/upload/t_1080p/co2qcq.jpg,https://images.igdb.com/igdb/image/upload/t_cover_big/co2qcq.jpg,Match,Lucas,,OK
57c52158-1792-465a-be6e-5471ae2783d9,136625,Hogwarts Legacy,Hogwarts Legacy,Match,https://images.igdb.com/igdb/image/upload/t_1080p/coaav6.jpg,https://images.igdb.com/igdb/image/upload/t_cover_big/coaav6.jpg,Match,Matheus,,OK
9073d3bf-e440-4c5e-b50a-3c79c83d09b7,14593,Hollow Knight,Hollow Knight,Match,https://images.igdb.com/igdb/image/upload/t_1080p/cobfzp.jpg,https://images.igdb.com/igdb/image/upload/t_cover_big/cobfzp.jpg,Match,Matheus,,OK
33ee8d79-7d27-435f-837a-6a569abee848,7170,Ico,Ico,Match,https://images.igdb.com/igdb/image/upload/t_1080p/co3r78.jpg,https://images.igdb.com/igdb/image/upload/t_cover_big/co3r78.jpg,Match,Lucas,,OK
0821fe01-6774-4f13-ae4a-5261b821a9b9,3016,Illusion of Gaia,Illusion of Gaia,Match,https://images.igdb.com/igdb/image/upload/t_1080p/co8kyi.jpg,https://images.igdb.com/igdb/image/upload/t_cover_big/co8kyi.jpg,Match,Yan,,OK
49baf3bf-1319-470c-923d-c127889d3749,8154,Jackie Chan Adventures,Jackie Chan Adventures,Match,https://images.igdb.com/igdb/image/upload/t_1080p/co9e0t.jpg,https://images.igdb.com/igdb/image/upload/t_cover_big/co9e0t.jpg,Match,Lucas,nome errado,OK
cd45c88e-4e1a-4598-9280-71498b8c9712,252836,Jusant,Jusant,Match,https://images.igdb.com/igdb/image/upload/t_1080p/coa2kv.jpg,https://images.igdb.com/igdb/image/upload/t_cover_big/coa2kv.jpg,Match,Matheus,,OK
58d6dd66-70ea-4b1c-a203-ca5f3c89288f,4843,Kingdom Come Deliverance,Kingdom Come: Deliverance,Punctuation Mismatch,https://images.igdb.com/igdb/image/upload/t_1080p/co8qmv.jpg,https://images.igdb.com/igdb/image/upload/t_cover_big/co4aqi.jpg,Mismatch,Matheus,imagem errada,COVER_MISMATCH
f19b3c47-6416-44f2-8874-686d27e261d4,1219,Kingdom Hearts,Kingdom Hearts,Match,https://images.igdb.com/igdb/image/upload/t_1080p/co30zf.jpg,https://images.igdb.com/igdb/image/upload/t_cover_big/co30zf.jpg,Match,Lucas,nome errado,OK
be69b8e7-0ef8-406f-8e66-4e9c8df56677,95118,Last Epoch,Last Epoch,Match,https://images.igdb.com/igdb/image/upload/t_cover_big/co7p46.jpg,https://images.igdb.com/igdb/image/upload/t_cover_big/co7p46.jpg,Match,Matheus,,OK
1b346941-d0bc-42d3-af13-93f7fd151d77,324083,Legacy of Kain: Soul Reaver Remastered,Legacy of Kain: Soul Reaver Remastered,Match,https://images.igdb.com/igdb/image/upload/t_1080p/co8urj.jpg,https://images.igdb.com/igdb/image/upload/t_cover_big/co9g4c.jpg,Mismatch,Lucas,nome e imagem errada,COVER_MISMATCH
bf3d5bdc-ab8f-4f59-ba34-915b84aec58b,4122,Legacy of Kain Soul Reaver,Legacy of Kain: Soul Reaver,Punctuation Mismatch,https://images.igdb.com/igdb/image/upload/t_1080p/co1yal.jpg,https://images.igdb.com/igdb/image/upload/t_cover_big/co1yal.jpg,Match,Lucas,,MINOR_TITLE_DEVIATION (PUNCTUATION_MISMATCH)
222340e5-d600-416d-a516-f01c19f7aed5,1331,Limbo,Limbo,Match,https://images.igdb.com/igdb/image/upload/t_1080p/co1qrs.jpg,https://images.igdb.com/igdb/image/upload/t_cover_big/co1qrs.jpg,Match,Matheus,,OK
e48053e1-c4fc-409f-a899-1bdd442d6006,9174,Little Nightmares,Little Nightmares,Match,https://images.igdb.com/igdb/image/upload/t_1080p/co1rdi.jpg,https://images.igdb.com/igdb/image/upload/t_cover_big/co1rdi.jpg,Match,Lucas,,OK
1d47b63d-dd78-4388-83f2-8a46a9ad5670,2552,Mad Max,Mad Max,Match,https://images.igdb.com/igdb/image/upload/t_1080p/co1uuh.jpg,https://images.igdb.com/igdb/image/upload/t_cover_big/co1uuh.jpg,Match,Lucas,,OK
3105b34a-7530-483f-8b36-4fc63b87eb88,4999,Marvel: Ultimate Alliance,Marvel: Ultimate Alliance,Match,https://images.igdb.com/igdb/image/upload/t_cover_big/co2idz.jpg,https://images.igdb.com/igdb/image/upload/t_cover_big/co2idz.jpg,Match,Matheus,,OK
77f9b131-492f-4a09-86a4-561d6c06d6f9,375,Metal Gear Solid,Metal Gear Solid,Match,https://images.igdb.com/igdb/image/upload/t_1080p/co6jaw.jpg,https://images.igdb.com/igdb/image/upload/t_cover_big/cobpak.jpg,Mismatch,Matheus,imagem errada,COVER_MISMATCH
a0202020-a08d-483b-bd15-4f0a790d4464,6509,Midnight Club: Street Racing,Midnight Club: Street Racing,Match,https://images.igdb.com/igdb/image/upload/t_1080p/co2k1y.jpg,https://images.igdb.com/igdb/image/upload/t_cover_big/co2k1y.jpg,Match,Matheus,,OK
a9a87d54-5d02-4bc1-8442-a8273d6d810d,27771,Moonlighter,Moonlighter,Match,https://images.igdb.com/igdb/image/upload/t_1080p/co1vck.jpg,https://images.igdb.com/igdb/image/upload/t_cover_big/co1vck.jpg,Match,Matheus,,OK
874a4343-0c0d-4288-9023-63a50329a68d,96,NFS Underground 1,Need for Speed: Underground,Mismatch,https://images.igdb.com/igdb/image/upload/t_1080p/co209g.jpg,https://images.igdb.com/igdb/image/upload/t_cover_big/co209g.jpg,Match,Lucas,nome errado,TITLE_MISMATCH
4f8b481b-0f09-4c7e-bec1-4f710bcdbdec,96,Need For Speed Underground 1,Need for Speed: Underground,Mismatch,https://images.igdb.com/igdb/image/upload/t_1080p/co209g.jpg,https://images.igdb.com/igdb/image/upload/t_cover_big/co209g.jpg,Match,Lucas,jogo duplicado,TITLE_MISMATCH
a3f68b0a-99d8-466c-8a34-7bd9d13677ce,279627,No Rest for the Wicked,No Rest for the Wicked,Match,https://images.igdb.com/igdb/image/upload/t_1080p/co7h9r.jpg,https://images.igdb.com/igdb/image/upload/t_cover_big/co7h9r.jpg,Match,Lucas,,OK
3ae0ded5-b2eb-488a-a016-ab04d89c5c54,79500,Pepsi Man,Pepsiman,Punctuation Mismatch,https://images.igdb.com/igdb/image/upload/t_1080p/co31ar.jpg,https://images.igdb.com/igdb/image/upload/t_cover_big/co31ar.jpg,Match,Lucas,,MINOR_TITLE_DEVIATION (PUNCTUATION_MISMATCH)
e4773fed-bcef-4d06-9cdf-d9043eedbf5b,152071,Planet of Lana,Planet of Lana,Match,https://images.igdb.com/igdb/image/upload/t_cover_big/co3910.jpg,https://images.igdb.com/igdb/image/upload/t_cover_big/co3910.jpg,Match,Matheus,,OK
a8facab2-69c6-47b3-891e-cac7c0b35e6b,343101,Pluto,Pluto,Match,https://images.igdb.com/igdb/image/upload/t_cover_big/coakgp.jpg,https://images.igdb.com/igdb/image/upload/t_cover_big/coakgp.jpg,Match,Matheus,,OK
dc5e73da-0df0-43de-9164-74bf787ef976,71,Portal,Portal,Match,https://images.igdb.com/igdb/image/upload/t_1080p/coaanx.jpg,https://images.igdb.com/igdb/image/upload/t_cover_big/coay61.jpg,Mismatch,Matheus,,COVER_MISMATCH
072ac109-f9cd-4ca5-a859-3de699dec1be,2472,Prince Of Persia,Prince of Persia,Case Mismatch,https://images.igdb.com/igdb/image/upload/t_1080p/co3gts.jpg,https://images.igdb.com/igdb/image/upload/t_cover_big/co1vww.jpg,Mismatch,Lucas,imagem errada,COVER_MISMATCH
7d1fd50a-af17-4042-ad79-1d247350f335,836,Prince of Persia: The Sands of Time,Prince of Persia: The Sands of Time,Match,https://images.igdb.com/igdb/image/upload/t_1080p/co4t8l.jpg,https://images.igdb.com/igdb/image/upload/t_cover_big/co4t8l.jpg,Match,Lucas,,OK
0f2a378f-a686-4741-a42b-d93439f2de9a,836,Prince of Persia: The Sands of Time,Prince of Persia: The Sands of Time,Match,https://images.igdb.com/igdb/image/upload/t_1080p/co4t8l.jpg,https://images.igdb.com/igdb/image/upload/t_cover_big/co4t8l.jpg,Match,Lucas,jogo duplicado,OK
31bfcd17-1b05-44c2-b8d9-713a142b528f,1289,Ratchet & Clank,Ratchet & Clank,Match,https://images.igdb.com/igdb/image/upload/t_cover_big/co1oym.jpg,https://images.igdb.com/igdb/image/upload/t_cover_big/co1oym.jpg,Match,Lucas,,OK
25247b1e-60ad-4029-8932-24e9c9620086,233307,Shadow Gambit: The Cursed Crew,Shadow Gambit: The Cursed Crew,Match,https://images.igdb.com/igdb/image/upload/t_1080p/co67is.jpg,https://images.igdb.com/igdb/image/upload/t_cover_big/co67is.jpg,Match,Matheus,,OK
375edac9-4dba-45cf-8102-a1fe76adbbfd,4170,Shadow Hearts,Shadow Hearts,Match,https://images.igdb.com/igdb/image/upload/t_1080p/co7nmo.jpg,https://images.igdb.com/igdb/image/upload/t_cover_big/co7nmo.jpg,Match,Lucas,,OK
b7009cb6-63e5-4363-bc18-bee0374a2138,2207,Shadow of The Colossus,Shadow of the Colossus,Case Mismatch,https://images.igdb.com/igdb/image/upload/t_1080p/co1ozz.jpg,https://images.igdb.com/igdb/image/upload/t_cover_big/co1ozz.jpg,Match,Lucas,,MINOR_TITLE_DEVIATION (CASE_MISMATCH)
cb0e10e4-c71b-4dd8-bad6-831a92b73fdc,37777,Shadow of The Tomb Raider,Shadow of the Tomb Raider,Case Mismatch,https://images.igdb.com/igdb/image/upload/t_1080p/co1vcn.jpg,https://images.igdb.com/igdb/image/upload/t_cover_big/co1vcn.jpg,Match,Lucas,,MINOR_TITLE_DEVIATION (CASE_MISMATCH)
56cd5b02-6b34-4ec5-aa61-b3662829f651,2207,Shadow of the Colossus,Shadow of the Colossus,Match,https://images.igdb.com/igdb/image/upload/t_1080p/co1ozz.jpg,https://images.igdb.com/igdb/image/upload/t_cover_big/co1ozz.jpg,Match,Matheus,jogo duplicado,OK
d76b2feb-de6c-4050-8d20-43af398cbadd,2207,Shadow of the Colossus (2005),Shadow of the Colossus,Mismatch,https://images.igdb.com/igdb/image/upload/t_1080p/co1ozz.jpg,https://images.igdb.com/igdb/image/upload/t_cover_big/co1ozz.jpg,Match,Matheus,jogo duplicado,TITLE_MISMATCH
b4b75b0a-bb2e-4378-ad3b-4fb51cdf1b9c,37777,Shadow of the Tomb Raider,Shadow of the Tomb Raider,Match,https://images.igdb.com/igdb/image/upload/t_1080p/co1vcn.jpg,https://images.igdb.com/igdb/image/upload/t_cover_big/co1vcn.jpg,Match,Lucas,jogo duplicado,OK
00e081cb-2899-4e07-a36f-7076e3298022,144022,Sifu,Sifu,Match,https://images.igdb.com/igdb/image/upload/t_1080p/co4h5s.jpg,https://images.igdb.com/igdb/image/upload/t_cover_big/co4h5s.jpg,Match,Matheus,,OK
540b420f-52f1-461d-b436-c36fb46cdc20,2844,Simpsons Hit and Run,The Simpsons: Hit & Run,Mismatch,https://images.igdb.com/igdb/image/upload/t_1080p/co2uk7.jpg,https://images.igdb.com/igdb/image/upload/t_cover_big/co2uk7.jpg,Match,Lucas,nome errado,TITLE_MISMATCH
d5775408-de71-4b2a-9ac1-c8393adb9ddb,40477,Slay the Spire,Slay the Spire,Match,https://images.igdb.com/igdb/image/upload/t_1080p/co82c5.jpg,https://images.igdb.com/igdb/image/upload/t_cover_big/co1iyf.jpg,Mismatch,Matheus,,COVER_MISMATCH
1d243ddc-ba89-4d95-8519-c74249500aa3,27433,Steamworld Dig 2,SteamWorld Dig 2,Case Mismatch,https://images.igdb.com/igdb/image/upload/t_1080p/co5byf.jpg,https://images.igdb.com/igdb/image/upload/t_cover_big/co24u8.jpg,Mismatch,Matheus,,COVER_MISMATCH
2be11b2d-fe9c-4ca6-959a-02af05f1e82b,107262,Streets of Rage 4,Streets of Rage 4,Match,https://images.igdb.com/igdb/image/upload/t_1080p/co2dru.jpg,https://images.igdb.com/igdb/image/upload/t_cover_big/co2dru.jpg,Match,Matheus,,OK
48a832fd-c757-4c92-8c19-fb49da8e8651,80539,Super Bomberman 4,Super Bomberman 4,Match,https://images.igdb.com/igdb/image/upload/t_cover_big/co2rh0.jpg,https://images.igdb.com/igdb/image/upload/t_cover_big/co2rh0.jpg,Match,Lucas,jogo duplicado,OK
376c2a81-f50b-4500-b56a-8e5272252979,358,Super Mario Bros. (1985),Super Mario Bros.,Mismatch,https://images.igdb.com/igdb/image/upload/t_1080p/co23bj.jpg,https://images.igdb.com/igdb/image/upload/t_cover_big/co6pib.jpg,Mismatch,Matheus,imagem errada,BOTH_MISMATCH
05aaf245-b47f-4264-a106-56f7e94303bc,1103,Super Metroid,Super Metroid,Match,https://images.igdb.com/igdb/image/upload/t_1080p/co5osy.jpg,https://images.igdb.com/igdb/image/upload/t_cover_big/co5osy.jpg,Match,Lucas,,OK
775f38ab-95e6-4a08-b72b-d80a1efc7faa,472,The Elder Scrolls V: Skyrim,The Elder Scrolls V: Skyrim,Match,https://images.igdb.com/igdb/image/upload/t_1080p/co1tnw.jpg,https://images.igdb.com/igdb/image/upload/t_cover_big/cobt0i.jpg,Mismatch,Matheus,,COVER_MISMATCH
1cf162de-eeab-4189-a3ed-801e4d5255fd,26129,The Incredible Adventures of Van Helsing Final Cut,The Incredible Adventures of Van Helsing: Final Cut,Punctuation Mismatch,https://images.igdb.com/igdb/image/upload/t_1080p/co2h0s.jpg,https://images.igdb.com/igdb/image/upload/t_cover_big/co2h0s.jpg,Match,Matheus,,MINOR_TITLE_DEVIATION (PUNCTUATION_MISMATCH)
8f775c6c-8da0-4b5f-9ea4-aff7093e3dcd,1022,The Legend of Zelda,The Legend of Zelda,Match,https://images.igdb.com/igdb/image/upload/t_1080p/co6ovg.jpg,https://images.igdb.com/igdb/image/upload/t_cover_big/co1uii.jpg,Mismatch,Matheus,nome errado,COVER_MISMATCH
3b9c1beb-3eb8-425c-ad95-23a7863eaea1,1026,The Legend of Zelda: A Link to the Past,The Legend of Zelda: A Link to the Past,Match,https://images.igdb.com/igdb/image/upload/t_1080p/co3nsh.jpg,https://images.igdb.com/igdb/image/upload/t_cover_big/co3vzn.jpg,Mismatch,Matheus,,COVER_MISMATCH
69d1559c-91f9-470c-9185-644df8dbce02,1028,The Legend of Zelda: Link's Awakening (1993),The Legend of Zelda: Link's Awakening,Mismatch,https://images.igdb.com/igdb/image/upload/t_1080p/co7j1h.jpg,https://images.igdb.com/igdb/image/upload/t_cover_big/co3nnt.jpg,Mismatch,Matheus,,BOTH_MISMATCH
295aa096-7deb-473a-b696-efbc5f152374,42730,The Mask,The Mask,Match,https://images.igdb.com/igdb/image/upload/t_1080p/co31ff.jpg,https://images.igdb.com/igdb/image/upload/t_cover_big/co4ane.jpg,Mismatch,Lucas,imagem errada,COVER_MISMATCH
188ee446-78f5-4130-9be2-ac5a7a7a3fc9,113114,The Outer Worlds,The Outer Worlds,Match,https://images.igdb.com/igdb/image/upload/t_1080p/co2eew.jpg,https://images.igdb.com/igdb/image/upload/t_cover_big/co2eew.jpg,Match,Matheus,,OK
b0837439-1d01-4a5a-9de5-e2ee613ae6f7,239999,The Outer Worlds: Spacer's Choice Edition,The Outer Worlds: Spacer's Choice Edition,Match,https://images.igdb.com/igdb/image/upload/t_1080p/co2eew.jpg,https://images.igdb.com/igdb/image/upload/t_cover_big/co68wu.jpg,Mismatch,Matheus,,COVER_MISMATCH
731838da-4072-4fce-854d-5f2a6fed3728,296843,The Rogue Prince of Persia,The Rogue Prince of Persia,Match,https://images.igdb.com/igdb/image/upload/t_cover_big/coab8v.jpg,https://images.igdb.com/igdb/image/upload/t_cover_big/coab8v.jpg,Match,Lucas,,OK
e38e0d1a-e4b2-4d0d-8ad0-8c53faa64a02,1942,The Witcher 3: Wild Hunt,The Witcher 3: Wild Hunt,Match,https://images.igdb.com/igdb/image/upload/t_1080p/coaarl.jpg,https://images.igdb.com/igdb/image/upload/t_cover_big/coaarl.jpg,Match,Lucas,,OK
ce185e4f-343c-44ad-8584-e78ced6b8ab5,1942,The Witcher 3: Wild Hunt,The Witcher 3: Wild Hunt,Match,https://images.igdb.com/igdb/image/upload/t_1080p/coaarl.jpg,https://images.igdb.com/igdb/image/upload/t_cover_big/coaarl.jpg,Match,Matheus,jogo duplicado,OK
9edd83f5-4d19-4e70-9b47-506eb5a5814c,8311,Titan Quest,Titan Quest,Match,https://images.igdb.com/igdb/image/upload/t_1080p/co6x9v.jpg,https://images.igdb.com/igdb/image/upload/t_cover_big/co1z4f.jpg,Mismatch,Matheus,imagem errada,COVER_MISMATCH
d359b68b-01b4-45bc-a761-fdedcabc8d3a,261146,Titan Quest II,Titan Quest II,Match,https://images.igdb.com/igdb/image/upload/t_cover_big/co6x9v.jpg,https://images.igdb.com/igdb/image/upload/t_cover_big/co6x9v.jpg,Match,Lucas,,OK
cfceace9-3ed0-48f6-a593-41e6130bdeb6,9559,Titan Souls,Titan Souls,Match,https://images.igdb.com/igdb/image/upload/t_1080p/co2xo0.jpg,https://images.igdb.com/igdb/image/upload/t_cover_big/co2xo0.jpg,Match,Yan,,OK
b590e133-5e4e-49c0-a6c8-6029da01e7ce,17447,Titanfall 2,Titanfall 2,Match,https://images.igdb.com/igdb/image/upload/t_cover_big/fhbeilnghyhhmjqhinqa.jpg,https://images.igdb.com/igdb/image/upload/t_cover_big/fhbeilnghyhhmjqhinqa.jpg,Match,Matheus,,OK
092ef60f-8617-4df2-a843-8c2b3b1e9e3f,912,Tomb Raider,Tomb Raider,Match,https://images.igdb.com/igdb/image/upload/t_1080p/co3lq1.jpg,https://images.igdb.com/igdb/image/upload/t_cover_big/co3hfx.jpg,Mismatch,Matheus,nome errado,COVER_MISMATCH
62c7224e-9a59-4ed4-a731-4e3111fc9140,1163,Tomb Raider Underworld,Tomb Raider: Underworld,Punctuation Mismatch,https://images.igdb.com/igdb/image/upload/t_1080p/co1voc.jpg,https://images.igdb.com/igdb/image/upload/t_cover_big/co1voc.jpg,Match,Lucas,,MINOR_TITLE_DEVIATION (PUNCTUATION_MISMATCH)
d1774a06-308c-4b50-8fb0-9996cebea053,49993,Tomb Raider: Curse of the Sword,Tomb Raider: Curse of the Sword,Match,https://images.igdb.com/igdb/image/upload/t_cover_big/co21sp.jpg,https://images.igdb.com/igdb/image/upload/t_cover_big/co21sp.jpg,Match,Matheus,,OK
f1a394ef-018e-4f9c-9582-d8fc2741aab7,1161,Tomb Raider: Legend,Tomb Raider: Legend,Match,https://images.igdb.com/igdb/image/upload/t_cover_big/co1nnv.jpg,https://images.igdb.com/igdb/image/upload/t_cover_big/co1nnv.jpg,Match,Matheus,,OK
ec913e36-956a-4d21-8fde-cd8ec35e35ea,1337,Torchlight II,Torchlight II,Match,https://images.igdb.com/igdb/image/upload/t_1080p/co25z8.jpg,https://images.igdb.com/igdb/image/upload/t_cover_big/co25z8.jpg,Match,Matheus,,OK
4386e922-ff5b-4e9b-afd8-f4c332961839,573,X-Men Origins: Wolverine,X-Men Origins: Wolverine,Match,https://images.igdb.com/igdb/image/upload/t_1080p/co2426.jpg,https://images.igdb.com/igdb/image/upload/t_cover_big/co2426.jpg,Match,Lucas,,OK
906186e8-5e16-4faf-b2fb-bff3ca1f43f2,36550,Yakuza Like a Dragon,Yakuza: Like a Dragon,Punctuation Mismatch,https://images.igdb.com/igdb/image/upload/t_1080p/co2em9.jpg,https://images.igdb.com/igdb/image/upload/t_cover_big/co2em9.jpg,Match,Matheus,,MINOR_TITLE_DEVIATION (PUNCTUATION_MISMATCH)
0646524c-5d25-4ab5-a0ba-b690fdfe8de7,36550,Yakuza: Like a Dragon,Yakuza: Like a Dragon,Match,https://images.igdb.com/igdb/image/upload/t_cover_big/co2em9.jpg,https://images.igdb.com/igdb/image/upload/t_cover_big/co2em9.jpg,Match,Matheus,,OK