id,title,igdb_id,cover_url,nominator
"bfaeac77-cca6-4724-9232-34075aa024c6","A Plague Tale Innocence","27316","https://images.igdb.com/igdb/image/upload/t_1080p/co1lat.jpg","Lucas"
"2e97c172-2fbb-46fd-b83d-75625fd118ca","Absolum","334239","https://images.igdb.com/igdb/image/upload/t_cover_big/coatin.jpg","Matheus"
"04882423-76be-4b7d-b6b3-3fe13277c736","Alundra","1175","https://images.igdb.com/igdb/image/upload/t_1080p/co3tlr.jpg","Lucas"
"a2a622b5-8b65-4a40-8c27-a3970521a810","As Aventuras de Batman e Robin","5346","https://images.igdb.com/igdb/image/upload/t_1080p/co6379.jpg","Lucas"
"99f8b05f-eb09-48af-8dc1-d232c8cac88b","Astral Ascent","180876","https://images.igdb.com/igdb/image/upload/t_1080p/co4o04.jpg","Lucas"
"701ae159-47e2-40b2-a6fc-517fcae2f740","Baldur's Gate 3","119171","https://images.igdb.com/igdb/image/upload/t_1080p/co670h.jpg","Matheus"
"c1082d5b-cb3e-420e-94a6-aa3a26b10150","Baldur's Gate Dark Alliance","83","https://images.igdb.com/igdb/image/upload/t_1080p/co1tay.jpg","Lucas"
"3b7f1ff6-33e1-4056-bc9f-f3e45c6f3701","Batman Arkham City","501","https://images.igdb.com/igdb/image/upload/t_1080p/co1voh.jpg","Lucas"
"3a40c28e-2d52-4dc5-aa16-43d1b4ff0fe6","Batman Arkham Origins","2003","https://images.igdb.com/igdb/image/upload/t_1080p/co1nmd.jpg","Lucas"
"8ee27090-8b41-44dd-ad77-787d38a945a8","Batman: Arkham Knight","5503","https://images.igdb.com/igdb/image/upload/t_1080p/coagib.jpg","Lucas"
"5ab720e9-0215-4e2a-abd9-48be5efa6ec3","Besiege","9047","https://images.igdb.com/igdb/image/upload/t_1080p/co9cnc.jpg","Yan"
"4836d380-6281-45b8-8a27-bc185ad3b816","Bioshock","20","https://images.igdb.com/igdb/image/upload/t_1080p/co2n12.jpg","Lucas"***, imagem errada
"bba5217d-f317-4f25-ba12-b225dec2ade4","Blasphemous","26820","https://images.igdb.com/igdb/image/upload/t_1080p/cob0xj.jpg","Lucas"
"abb364be-e798-40a5-98db-0c7702eff35c","Blasphemous II","165390","https://images.igdb.com/igdb/image/upload/t_1080p/co6ej3.jpg","Matheus"
"ac78c8fd-15c3-457d-b861-4a4f6836a577","Bomberman 4","80539","https://images.igdb.com/igdb/image/upload/t_1080p/co2rh0.jpg","Lucas"
"24c2b172-cee2-4308-a3ad-e7c658b69468","Brothers: A Tale of Two Sons","1334","https://images.igdb.com/igdb/image/upload/t_1080p/co1rro.jpg","Matheus"
"fe70ab70-277e-4b1e-9c04-931c3e843b10","Caravan SandWitch","145029","https://images.igdb.com/igdb/image/upload/t_cover_big/co8bmd.jpg","Lucas"
"4a52049d-d647-4057-b6cf-f2a4dea7d034","Castlevania Symphony","1128","https://images.igdb.com/igdb/image/upload/t_1080p/co53m8.jpg","Lucas"***, registro duplicado
"8a1e0a86-4b7d-4819-af60-07ac0a46aa2a","Castlevania: Aria of Sorrow","1134","https://images.igdb.com/igdb/image/upload/t_1080p/cob947.jpg","Matheus"
"c8bbff0e-d2e8-4c15-8699-9f9cf9d586ef","Castlevania: Symphony of the Night","1128","https://images.igdb.com/igdb/image/upload/t_1080p/co53m8.jpg","Matheus"
"1c281860-1c63-41d3-87f4-49bc812bcb45","Cat Quest","36597","https://images.igdb.com/igdb/image/upload/t_1080p/co8cp4.jpg","Lucas", imagem errada
"24e7d389-3d3b-4074-a61f-208a0a6e1732","Celeste","26226","https://images.igdb.com/igdb/image/upload/t_1080p/cob9dh.jpg","Lucas"
"40f0ab7e-b6db-4d3a-a04c-15e7b1a56590","Champions of Norrath: Realms of EverQuest","9813","https://images.igdb.com/igdb/image/upload/t_1080p/co6e7d.jpg","Lucas"
"81451474-2861-452e-832a-bce4fa1b53f7","Chaos Legion","2917","https://images.igdb.com/igdb/image/upload/t_1080p/co4psj.jpg","Yan"
"b00a0ba6-f3ea-433f-ba5b-59bb31be7e35","Child of Light","4756","https://images.igdb.com/igdb/image/upload/t_cover_big/co21q2.jpg","Matheus"
"fe72df2f-6e7f-4c71-9031-22a4e0cfa8ff","Children of Morta","36198","https://images.igdb.com/igdb/image/upload/t_1080p/co2iw2.jpg","Lucas"
"de9a6c82-1e2b-47a9-b7b3-3347fbe9e351","Chrono Cross","1804","https://images.igdb.com/igdb/image/upload/t_1080p/co1oj7.jpg","Lucas"
"cd482c2f-4a70-4a4e-99f0-84e6fd7666d7","Chrono Trigger","1802","https://images.igdb.com/igdb/image/upload/t_1080p/co3plw.jpg","Matheus"
"60beff6c-8e29-46b9-b711-b3758b28aa5f","Clair Obscur: Expedition 33","305152","https://images.igdb.com/igdb/image/upload/t_cover_big/co9gam.jpg","Matheus"
"e4240be1-357e-49bb-a3a1-cc4853ae9c9c","Control","103329","https://images.igdb.com/igdb/image/upload/t_1080p/cob5pu.jpg","Matheus"***, imagem errada
"e6e4bf7d-4977-4a93-8d10-8e1a3a389dec","Crash Bandicoot","1185","https://images.igdb.com/igdb/image/upload/t_cover_big/co555l.jpg","Lucas"
"a2d332ca-9a03-4d2a-b4a3-aea37714fca5","Nightmare Creatures","3414","https://images.igdb.com/igdb/image/upload/t_1080p/co5j7q.jpg","Lucas", nome errado
"f9788bca-a813-49c6-8cbd-1b5fcc2c99f7","Cyberpunk 2077","1877","https://images.igdb.com/igdb/image/upload/t_1080p/coaih8.jpg","Matheus"
"76af515a-e217-4ff8-b6c4-42646df15d93","Dark Souls","2155","https://images.igdb.com/igdb/image/upload/t_1080p/co1x78.jpg","Ygnos, The Mage"
"9b09278e-b3d4-4980-a468-72651318048e","Dead Cells","26855","https://images.igdb.com/igdb/image/upload/t_1080p/coa3hi.jpg","Lucas"
"9fe884cb-0ebf-4a98-9928-72af4e29f904","Death's Gambit","14760","https://images.igdb.com/igdb/image/upload/t_1080p/co28qr.jpg","Lucas", nome errado
"6ee73f78-5cca-4a9e-9339-944c06951d90","Death Stranding","19564","https://images.igdb.com/igdb/image/upload/t_1080p/cobksf.jpg","Lucas", nome errado
"433ea7af-3a15-4b42-bba8-8b216f5cbec2","Demon's Crest","18067","https://images.igdb.com/igdb/image/upload/t_1080p/co69t5.jpg","Yan"
"da2ea212-1c46-4cf6-8682-9b432fdaace4","Detroit Become Human","14362","https://images.igdb.com/igdb/image/upload/t_1080p/co6mzf.jpg","Matheus"
"10c8ec6a-2124-4617-a63d-039759f0d9ae","Disco Elysium","26472","https://images.igdb.com/igdb/image/upload/t_1080p/co2ip6.jpg","Matheus", imagem errada
"015560b7-65dd-432a-8144-ce92ea855a7a","Dishonored Definitive Edition","41590","https://images.igdb.com/igdb/image/upload/t_1080p/coabgu.jpg","Matheus", imagem errada
"aca58e55-e203-4511-b056-4c68fbb50506","Donkey Kong","1086","https://images.igdb.com/igdb/image/upload/t_1080p/co217n.jpg","Matheus", nome errado e imagem errada
"e112c8c1-9ad4-4584-adaa-101524ba2897","Donkey Kong Country","1090","https://images.igdb.com/igdb/image/upload/t_cover_big/co70qn.jpg","Matheus"
"2967a7e1-097e-4d43-9747-6d3110182454","Dragon Age Inquisition","1887","https://images.igdb.com/igdb/image/upload/t_1080p/co2mvy.jpg","Lucas"
"ec81a225-808c-4710-9973-4cacaf389a31","Dragon Quest","239185","https://images.igdb.com/igdb/image/upload/t_1080p/co7wt9.jpg","Matheus", imagem errada
"78d8259e-0bd2-4cb9-bd8f-f105340e52d0","Dragon Quest (1989)","239185","https://images.igdb.com/igdb/image/upload/t_1080p/co7wt9.jpg","Matheus", jogo duplicado
"d0a75228-9e0f-498f-b325-106b2ae9df83","Dragon's Dogma","3968","https://images.igdb.com/igdb/image/upload/t_1080p/co833w.jpg","Matheus", nome e imagem errada
"15cbf5f8-2bb3-41bd-889c-596dc00453ce","Dungeons of Hinterberg","146917","https://images.igdb.com/igdb/image/upload/t_1080p/co8oq4.jpg","Lucas"
"83a058d8-4f70-4279-a4e2-a9cc63ba0739","Elden Ring","119133","https://images.igdb.com/igdb/image/upload/t_1080p/co4jni.jpg","Matheus"
"2cc8abe8-1406-44e9-8627-0b606be51ed5","Enshrouded","248643","https://images.igdb.com/igdb/image/upload/t_1080p/cob9vp.jpg","Ygnos, The Mage"
"54642b02-e0f9-486a-b6c5-5dd2ed68b92a","Fallout New Vegas","16","https://images.igdb.com/igdb/image/upload/t_1080p/co1u60.jpg","Matheus"
"03cbbdef-fb11-4170-81f1-87326d2ee35d","Fallout: New Vegas","16","https://images.igdb.com/igdb/image/upload/t_1080p/co1u60.jpg","Matheus", jogo duplicado
"ba7d6a32-88f3-4c8d-a646-62bbda713416","Figment","20329","https://images.igdb.com/igdb/image/upload/t_cover_big/co691d.jpg","Matheus"
"95b9d312-7e0d-4d67-a866-3b0b2a13c085","Final Fantasy VII Remake","11169","https://images.igdb.com/igdb/image/upload/t_1080p/cobcwt.jpg","Lucas"
"5c36fcf9-8a6e-46c4-9ec2-8c566c194c34","Final Fantasy X","418","https://images.igdb.com/igdb/image/upload/t_1080p/co1tr1.jpg","Lucas"
"78286006-60a1-4385-9bff-328abcc1dbcb","Forza Horizon 6","348330","https://images.igdb.com/igdb/image/upload/t_cover_big/cobc5n.jpg","Matheus"
"d28fbf26-1c09-4752-8d73-bd05b04c4b5b","Gauntlet","7293","https://images.igdb.com/igdb/image/upload/t_cover_big/co2fon.webp","Yan"
"db980838-5e20-4740-aea4-c4ddfda15009","Gauntlet Seven Sorrows","5844","https://images.igdb.com/igdb/image/upload/t_1080p/co5j83.jpg","Lucas"
"7d8aab68-2e3a-447e-9e19-09ec73a9d9d2","Ghostwire: Tokyo","119308","https://images.igdb.com/igdb/image/upload/t_1080p/co55xn.jpg","Lucas"
"c263e492-c1d6-44b5-9539-1a0678f1a587","God of War","549","https://images.igdb.com/igdb/image/upload/t_cover_big/co3ddc.jpg","Lucas"
"62f05656-04cc-4e97-b7d5-59507efb14ed","Grim Dawn","1907","https://images.igdb.com/igdb/image/upload/t_1080p/co41h4.jpg","Matheus"
"1682566d-b758-463b-9d3d-9e0571d36118","Guacamelee!","4838","https://images.igdb.com/igdb/image/upload/t_1080p/co2g6i.jpg","Matheus"
"de3b0a59-2995-4b9f-b389-0eed9c02efc3","Guitar Hero III: Legends of Rock","2671","https://images.igdb.com/igdb/image/upload/t_cover_big/co1wqm.jpg","Lucas"
"102fc52e-6e33-4b23-9463-d6f8ebc7da41","Hades","113112","https://images.igdb.com/igdb/image/upload/t_1080p/cob9kr.jpg","Matheus"
"cb915c6a-649c-4f89-bf24-90bf374277b5","Hades 2","228525","https://images.igdb.com/igdb/image/upload/t_1080p/coaknx.jpg","Lucas"
"e905f4cb-bcc2-43a0-858b-16432e99e697","Hell Clock","324256","https://images.igdb.com/igdb/image/upload/t_cover_big/co946e.jpg","Matheus"
"d487ffaa-7e89-4174-b222-48f1aadd5d12","Hero Siege","11708","https://images.igdb.com/igdb/image/upload/t_1080p/co3jtb.jpg","Yan"
"a1e00d43-122b-4705-9b78-45b6de118fda","HiFi Rush","233585","https://images.igdb.com/igdb/image/upload/t_1080p/co6219.jpg","Matheus"
"110ba80c-ce83-4ee5-a917-eeb3ae270b32","Hitman 2","103210","https://images.igdb.com/igdb/image/upload/t_1080p/co2qcq.jpg","Lucas"
"57c52158-1792-465a-be6e-5471ae2783d9","Hogwarts Legacy","136625","https://images.igdb.com/igdb/image/upload/t_1080p/coaav6.jpg","Matheus"
"9073d3bf-e440-4c5e-b50a-3c79c83d09b7","Hollow Knight","14593","https://images.igdb.com/igdb/image/upload/t_1080p/cobfzp.jpg","Matheus"
"33ee8d79-7d27-435f-837a-6a569abee848","Ico","7170","https://images.igdb.com/igdb/image/upload/t_1080p/co3r78.jpg","Lucas"
"0821fe01-6774-4f13-ae4a-5261b821a9b9","Illusion of Gaia","3016","https://images.igdb.com/igdb/image/upload/t_1080p/co8kyi.jpg","Yan"
"49baf3bf-1319-470c-923d-c127889d3749","Jackie Chan Adventures","8154","https://images.igdb.com/igdb/image/upload/t_1080p/co9e0t.jpg","Lucas", nome errado
"cd45c88e-4e1a-4598-9280-71498b8c9712","Jusant","252836","https://images.igdb.com/igdb/image/upload/t_1080p/coa2kv.jpg","Matheus"
"58d6dd66-70ea-4b1c-a203-ca5f3c89288f","Kingdom Come Deliverance","4843","https://images.igdb.com/igdb/image/upload/t_1080p/co8qmv.jpg","Matheus", imagem errada
"f19b3c47-6416-44f2-8874-686d27e261d4","Kingdom Hearts","1219","https://images.igdb.com/igdb/image/upload/t_1080p/co30zf.jpg","Lucas", nome errado
"be69b8e7-0ef8-406f-8e66-4e9c8df56677","Last Epoch","95118","https://images.igdb.com/igdb/image/upload/t_cover_big/co7p46.jpg","Matheus"
"1b346941-d0bc-42d3-af13-93f7fd151d77","Legacy of Kain: Soul Reaver Remastered","324083","https://images.igdb.com/igdb/image/upload/t_1080p/co8urj.jpg","Lucas", nome e imagem errada
"bf3d5bdc-ab8f-4f59-ba34-915b84aec58b","Legacy of Kain Soul Reaver","4122","https://images.igdb.com/igdb/image/upload/t_1080p/co1yal.jpg","Lucas"
"222340e5-d600-416d-a516-f01c19f7aed5","Limbo","1331","https://images.igdb.com/igdb/image/upload/t_1080p/co1qrs.jpg","Matheus"
"e48053e1-c4fc-409f-a899-1bdd442d6006","Little Nightmares","9174","https://images.igdb.com/igdb/image/upload/t_1080p/co1rdi.jpg","Lucas"
"1d47b63d-dd78-4388-83f2-8a46a9ad5670","Mad Max","2552","https://images.igdb.com/igdb/image/upload/t_1080p/co1uuh.jpg","Lucas"
"3105b34a-7530-483f-8b36-4fc63b87eb88","Marvel: Ultimate Alliance","4999","https://images.igdb.com/igdb/image/upload/t_cover_big/co2idz.jpg","Matheus"
"77f9b131-492f-4a09-86a4-561d6c06d6f9","Metal Gear Solid","375","https://images.igdb.com/igdb/image/upload/t_1080p/co6jaw.jpg","Matheus", imagem errada
"a0202020-a08d-483b-bd15-4f0a790d4464","Midnight Club: Street Racing","6509","https://images.igdb.com/igdb/image/upload/t_1080p/co2k1y.jpg","Matheus"
"a9a87d54-5d02-4bc1-8442-a8273d6d810d","Moonlighter","27771","https://images.igdb.com/igdb/image/upload/t_1080p/co1vck.jpg","Matheus"
"874a4343-0c0d-4288-9023-63a50329a68d","NFS Underground 1","96","https://images.igdb.com/igdb/image/upload/t_1080p/co209g.jpg","Lucas", nome errado
"4f8b481b-0f09-4c7e-bec1-4f710bcdbdec","Need For Speed Underground 1","96","https://images.igdb.com/igdb/image/upload/t_1080p/co209g.jpg","Lucas", jogo duplicado
"a3f68b0a-99d8-466c-8a34-7bd9d13677ce","No Rest for the Wicked","279627","https://images.igdb.com/igdb/image/upload/t_1080p/co7h9r.jpg","Lucas"
"3ae0ded5-b2eb-488a-a016-ab04d89c5c54","Pepsi Man","79500","https://images.igdb.com/igdb/image/upload/t_1080p/co31ar.jpg","Lucas"
"e4773fed-bcef-4d06-9cdf-d9043eedbf5b","Planet of Lana","152071","https://images.igdb.com/igdb/image/upload/t_cover_big/co3910.jpg","Matheus"
"a8facab2-69c6-47b3-891e-cac7c0b35e6b","Pluto","343101","https://images.igdb.com/igdb/image/upload/t_cover_big/coakgp.jpg","Matheus"
"dc5e73da-0df0-43de-9164-74bf787ef976","Portal","71","https://images.igdb.com/igdb/image/upload/t_1080p/coaanx.jpg","Matheus"
"072ac109-f9cd-4ca5-a859-3de699dec1be","Prince Of Persia","2472","https://images.igdb.com/igdb/image/upload/t_1080p/co3gts.jpg","Lucas", imagem errada
"7d1fd50a-af17-4042-ad79-1d247350f335","Prince of Persia: The Sands of Time","836","https://images.igdb.com/igdb/image/upload/t_1080p/co4t8l.jpg","Lucas"
"0f2a378f-a686-4741-a42b-d93439f2de9a","Prince of Persia: The Sands of Time","836","https://images.igdb.com/igdb/image/upload/t_1080p/co4t8l.jpg","Lucas", jogo duplicado
"31bfcd17-1b05-44c2-b8d9-713a142b528f","Ratchet & Clank","1289","https://images.igdb.com/igdb/image/upload/t_cover_big/co1oym.jpg","Lucas"
"25247b1e-60ad-4029-8932-24e9c9620086","Shadow Gambit: The Cursed Crew","233307","https://images.igdb.com/igdb/image/upload/t_1080p/co67is.jpg","Matheus"
"375edac9-4dba-45cf-8102-a1fe76adbbfd","Shadow Hearts","4170","https://images.igdb.com/igdb/image/upload/t_1080p/co7nmo.jpg","Lucas"
"b7009cb6-63e5-4363-bc18-bee0374a2138","Shadow of The Colossus","2207","https://images.igdb.com/igdb/image/upload/t_1080p/co1ozz.jpg","Lucas"
"cb0e10e4-c71b-4dd8-bad6-831a92b73fdc","Shadow of The Tomb Raider","37777","https://images.igdb.com/igdb/image/upload/t_1080p/co1vcn.jpg","Lucas"
"56cd5b02-6b34-4ec5-aa61-b3662829f651","Shadow of the Colossus","2207","https://images.igdb.com/igdb/image/upload/t_1080p/co1ozz.jpg","Matheus", jogo duplicado
"d76b2feb-de6c-4050-8d20-43af398cbadd","Shadow of the Colossus (2005)","2207","https://images.igdb.com/igdb/image/upload/t_1080p/co1ozz.jpg","Matheus", jogo duplicado
"b4b75b0a-bb2e-4378-ad3b-4fb51cdf1b9c","Shadow of the Tomb Raider","37777","https://images.igdb.com/igdb/image/upload/t_1080p/co1vcn.jpg","Lucas", jogo duplicado
"00e081cb-2899-4e07-a36f-7076e3298022","Sifu","144022","https://images.igdb.com/igdb/image/upload/t_1080p/co4h5s.jpg","Matheus"
"540b420f-52f1-461d-b436-c36fb46cdc20","Simpsons Hit and Run","2844","https://images.igdb.com/igdb/image/upload/t_1080p/co2uk7.jpg","Lucas", nome errado
"d5775408-de71-4b2a-9ac1-c8393adb9ddb","Slay the Spire","40477","https://images.igdb.com/igdb/image/upload/t_1080p/co82c5.jpg","Matheus"
"1d243ddc-ba89-4d95-8519-c74249500aa3","Steamworld Dig 2","27433","https://images.igdb.com/igdb/image/upload/t_1080p/co5byf.jpg","Matheus"
"2be11b2d-fe9c-4ca6-959a-02af05f1e82b","Streets of Rage 4","107262","https://images.igdb.com/igdb/image/upload/t_1080p/co2dru.jpg","Matheus"
"48a832fd-c757-4c92-8c19-fb49da8e8651","Super Bomberman 4","80539","https://images.igdb.com/igdb/image/upload/t_cover_big/co2rh0.jpg","Lucas", jogo duplicado
"376c2a81-f50b-4500-b56a-8e5272252979","Super Mario Bros. (1985)","358","https://images.igdb.com/igdb/image/upload/t_1080p/co23bj.jpg","Matheus", imagem errada
"05aaf245-b47f-4264-a106-56f7e94303bc","Super Metroid","1103","https://images.igdb.com/igdb/image/upload/t_1080p/co5osy.jpg","Lucas"
"775f38ab-95e6-4a08-b72b-d80a1efc7faa","The Elder Scrolls V: Skyrim","472","https://images.igdb.com/igdb/image/upload/t_1080p/co1tnw.jpg","Matheus"
"1cf162de-eeab-4189-a3ed-801e4d5255fd","The Incredible Adventures of Van Helsing Final Cut","26129","https://images.igdb.com/igdb/image/upload/t_1080p/co2h0s.jpg","Matheus"
"8f775c6c-8da0-4b5f-9ea4-aff7093e3dcd","The Legend of Zelda","1022","https://images.igdb.com/igdb/image/upload/t_1080p/co6ovg.jpg","Matheus", nome errado
"3b9c1beb-3eb8-425c-ad95-23a7863eaea1","The Legend of Zelda: A Link to the Past","1026","https://images.igdb.com/igdb/image/upload/t_1080p/co3nsh.jpg","Matheus"
"69d1559c-91f9-470c-9185-644df8dbce02","The Legend of Zelda: Link's Awakening (1993)","1028","https://images.igdb.com/igdb/image/upload/t_1080p/co7j1h.jpg","Matheus"
"295aa096-7deb-473a-b696-efbc5f152374","The Mask","42730","https://images.igdb.com/igdb/image/upload/t_1080p/co31ff.jpg","Lucas", imagem errada
"188ee446-78f5-4130-9be2-ac5a7a7a3fc9","The Outer Worlds","113114","https://images.igdb.com/igdb/image/upload/t_1080p/co2eew.jpg","Matheus"
"b0837439-1d01-4a5a-9de5-e2ee613ae6f7","The Outer Worlds: Spacer's Choice Edition","239999","https://images.igdb.com/igdb/image/upload/t_1080p/co2eew.jpg","Matheus"
"731838da-4072-4fce-854d-5f2a6fed3728","The Rogue Prince of Persia","296843","https://images.igdb.com/igdb/image/upload/t_cover_big/coab8v.jpg","Lucas"
"e38e0d1a-e4b2-4d0d-8ad0-8c53faa64a02","The Witcher 3: Wild Hunt","1942","https://images.igdb.com/igdb/image/upload/t_1080p/coaarl.jpg","Lucas"
"ce185e4f-343c-44ad-8584-e78ced6b8ab5","The Witcher 3: Wild Hunt","1942","https://images.igdb.com/igdb/image/upload/t_1080p/coaarl.jpg","Matheus", jogo duplicado
"9edd83f5-4d19-4e70-9b47-506eb5a5814c","Titan Quest","8311","https://images.igdb.com/igdb/image/upload/t_1080p/co6x9v.jpg","Matheus", imagem errada
"d359b68b-01b4-45bc-a761-fdedcabc8d3a","Titan Quest II","261146","https://images.igdb.com/igdb/image/upload/t_cover_big/co6x9v.jpg","Lucas"
"cfceace9-3ed0-48f6-a593-41e6130bdeb6","Titan Souls","9559","https://images.igdb.com/igdb/image/upload/t_1080p/co2xo0.jpg","Yan"
"b590e133-5e4e-49c0-a6c8-6029da01e7ce","Titanfall 2","17447","https://images.igdb.com/igdb/image/upload/t_cover_big/fhbeilnghyhhmjqhinqa.jpg","Matheus"
"092ef60f-8617-4df2-a843-8c2b3b1e9e3f","Tomb Raider","912","https://images.igdb.com/igdb/image/upload/t_1080p/co3lq1.jpg","Matheus", nome errado
"62c7224e-9a59-4ed4-a731-4e3111fc9140","Tomb Raider Underworld","1163","https://images.igdb.com/igdb/image/upload/t_1080p/co1voc.jpg","Lucas"
"d1774a06-308c-4b50-8fb0-9996cebea053","Tomb Raider: Curse of the Sword","49993","https://images.igdb.com/igdb/image/upload/t_cover_big/co21sp.jpg","Matheus"
"f1a394ef-018e-4f9c-9582-d8fc2741aab7","Tomb Raider: Legend","1161","https://images.igdb.com/igdb/image/upload/t_cover_big/co1nnv.jpg","Matheus"
"ec913e36-956a-4d21-8fde-cd8ec35e35ea","Torchlight II","1337","https://images.igdb.com/igdb/image/upload/t_1080p/co25z8.jpg","Matheus"
"4386e922-ff5b-4e9b-afd8-f4c332961839","X-Men Origins: Wolverine","573","https://images.igdb.com/igdb/image/upload/t_1080p/co2426.jpg","Lucas"
"906186e8-5e16-4faf-b2fb-bff3ca1f43f2","Yakuza Like a Dragon","36550","https://images.igdb.com/igdb/image/upload/t_1080p/co2em9.jpg","Matheus"
"0646524c-5d25-4ab5-a0ba-b690fdfe8de7","Yakuza: Like a Dragon","36550","https://images.igdb.com/igdb/image/upload/t_cover_big/co2em9.jpg","Matheus"
